<?xml version="1.0" encoding="utf-8"?>
<!-- Network Security Configuration for AlZainTrade -->
<!-- Optimized for older Android versions and network connectivity -->
<network-security-config>
    <!-- Base configuration for all domains -->
    <base-config cleartextTrafficPermitted="true">
        <trust-anchors>
            <!-- Trust system certificate authorities -->
            <certificates src="system"/>
            <!-- Trust user-added certificate authorities -->
            <certificates src="user"/>
        </trust-anchors>
    </base-config>
    
    <!-- Development domain configuration -->
    <domain-config cleartextTrafficPermitted="true">
        <domain includeSubdomains="true">repl.co</domain>
        <domain includeSubdomains="true">myscreen229.repl.co</domain>
        <domain includeSubdomains="true">workspace.myscreen229.repl.co</domain>
        <domain includeSubdomains="true">localhost</domain>
        <domain includeSubdomains="true">127.0.0.1</domain>
        <domain includeSubdomains="true">10.0.2.2</domain>
        <domain includeSubdomains="true">192.168.1.1</domain>
        
        <trust-anchors>
            <certificates src="system"/>
            <certificates src="user"/>
        </trust-anchors>
    </domain-config>
    
    <!-- Production and API domains -->
    <domain-config cleartextTrafficPermitted="false">
        <domain includeSubdomains="true">api.telegram.org</domain>
        <domain includeSubdomains="true">api.twelvedata.com</domain>
        <domain includeSubdomains="true">neon.tech</domain>
        
        <trust-anchors>
            <certificates src="system"/>
        </trust-anchors>
        
        <!-- Pin certificates for critical APIs -->
        <pin-set expiration="2026-12-31">
            <!-- Telegram API certificate pin -->
            <pin digest="SHA-256">YLh1dUR9y6Kja30RrAn7JKnbQG/uEtLMkBgFF2Fuihg=</pin>
            <!-- Backup pin -->
            <pin digest="SHA-256">Vfd95BwDeSQpJeb4KRaecQcDo8dp9Qq1151itn0M+lU=</pin>
        </pin-set>
    </domain-config>
    
    <!-- Debug configuration for testing -->
    <debug-overrides>
        <trust-anchors>
            <certificates src="system"/>
            <certificates src="user"/>
        </trust-anchors>
    </debug-overrides>
</network-security-config>